id,talk_id,conference_id,status
1,201,3,1
2,202,3,1
3,203,3,1
4,204,3,1
5,205,3,1
6,206,3,1
7,207,3,1
8,208,3,1
9,209,3,1
10,210,3,1
11,211,3,1
12,212,3,1
13,213,3,1
14,214,3,1
15,215,3,1
16,216,3,1
17,217,3,1
18,218,3,1
19,219,3,1
20,220,3,1
21,221,3,1
22,222,3,1
23,223,3,2
24,224,3,2
25,225,3,2
26,226,3,2
27,227,3,2
28,228,3,2
29,229,3,2
30,230,3,2
31,231,3,2
32,232,3,2
33,233,3,2
34,234,3,2
35,235,3,2
36,236,3,2
37,237,3,2
38,238,3,2
39,239,3,2
40,240,3,2
41,241,3,2
42,242,3,2
43,243,3,2
44,244,3,2
45,245,3,2
46,246,3,2
47,247,3,2
48,248,3,2
49,249,3,2
50,250,3,2
51,251,3,2
52,252,3,2
53,253,3,2
54,254,3,2
55,255,3,2
56,256,3,2
57,257,3,2
58,258,3,2
59,259,3,2
60,260,3,2
61,261,3,2
62,265,3,2
63,266,3,2
64,267,3,2
65,268,3,2
66,269,3,2