id,talk_id,conference_id,status
1602,1602,16,1
1603,1603,16,1
1604,1604,16,1
1605,1605,16,1
1606,1606,16,1
1607,1607,16,1
1608,1608,16,1
1609,1609,16,1
1610,1610,16,1
1611,1611,16,1
1612,1612,16,1
1613,1613,16,1
1614,1614,16,1
1615,1615,16,1
1616,1616,16,1
1617,1617,16,1
1618,1618,16,1
1619,1619,16,1
1620,1620,16,1
1621,1621,16,1
1622,1622,16,1
1623,1623,16,1
1624,1624,16,1
1625,1625,16,1
1626,1626,16,1
1627,1627,16,1
1629,1629,16,1
1630,1630,16,1
1631,1631,16,1
1632,1632,16,1
1633,1633,16,1
1634,1634,16,1
1635,1635,16,1
1636,1636,16,1
1637,1637,16,1
1638,1638,16,1
1639,1639,16,1
1640,1640,16,1
1641,1641,16,1
1642,1642,16,1
1643,1643,16,1
1644,1644,16,1
1645,1645,16,1
1646,1646,16,1
1647,1647,16,1
1648,1648,16,1
1649,1649,16,1
1650,1650,16,1
1651,1651,16,1
1652,1652,16,1
1653,1653,16,1
1654,1654,16,1
1664,1664,16,1
1665,1665,16,1
1666,1666,16,1
1667,1667,16,1
1668,1668,16,1
1669,1669,16,1
