id,conference_id,talk_id,label,params
1602,16,1602,presentation_method,297
1603,16,1603,presentation_method,297
1604,16,1604,presentation_method,297
1605,16,1605,presentation_method,297
1606,16,1606,presentation_method,297
1607,16,1607,presentation_method,297
1608,16,1608,presentation_method,297
1609,16,1609,presentation_method,297
1610,16,1610,presentation_method,297
1611,16,1611,presentation_method,297
1612,16,1612,presentation_method,297
1613,16,1613,presentation_method,297
1614,16,1614,presentation_method,297
1615,16,1615,presentation_method,297
1616,16,1616,presentation_method,297
1617,16,1617,presentation_method,297
1618,16,1618,presentation_method,297
1619,16,1619,presentation_method,297
1620,16,1620,presentation_method,297
1621,16,1621,presentation_method,297
1622,16,1622,presentation_method,297
1623,16,1623,presentation_method,297
1624,16,1624,presentation_method,297
1625,16,1625,presentation_method,297
1626,16,1626,presentation_method,297
1627,16,1627,presentation_method,297
1629,16,1629,presentation_method,297
1630,16,1630,presentation_method,297
1631,16,1631,presentation_method,297
1632,16,1632,presentation_method,297
1633,16,1633,presentation_method,297
1634,16,1634,presentation_method,297
1635,16,1635,presentation_method,297
1636,16,1636,presentation_method,297
1637,16,1637,presentation_method,297
1638,16,1638,presentation_method,297
1639,16,1639,presentation_method,297
1640,16,1640,presentation_method,297
1641,16,1641,presentation_method,297
1642,16,1642,presentation_method,297
1643,16,1643,presentation_method,297
1644,16,1644,presentation_method,297
1645,16,1645,presentation_method,297
1646,16,1646,presentation_method,297
1647,16,1647,presentation_method,297
1648,16,1648,presentation_method,297
1649,16,1649,presentation_method,297
1650,16,1650,presentation_method,297
1651,16,1651,presentation_method,297
1652,16,1652,presentation_method,297
1653,16,1653,presentation_method,297
1654,16,1654,presentation_method,297
