talk_id,speaker_id
1602,1602
1603,1603
1604,1604
1605,1605
1606,1606
1607,1607
1608,1608
1609,1609
1610,1610
1611,1611
1612,1612
1613,1613
1614,1614
1615,1615
1616,1616
1617,1617
1618,1618
1619,1619
1620,1620
1621,1621
1622,1629
1623,1630
1624,1602
1625,1603
1626,1604
1627,1605
1629,1606
1630,1607
1631,1608
1632,1609
1633,1610
1634,1611
1635,1612
1636,1613
1637,1614
1638,1615
1639,1616
1640,1617
1641,1618
1642,1619
1643,1620
1644,1621
1645,1629
1646,1630
1647,1619
1648,1620
1649,1621
1650,1619
1651,1620
1652,1621
1653,1629
1654,1630
